ID_Producto,Marca,Nombre,Precio_MXN,RAM_GB,Almacenamiento_GB,Tipo_Almacenamiento,Procesador,GPU_Dedicada,Pantalla_Pulgadas,URL_Producto
CHE-0000,Hp,"Laptop HP 9W149LA R5/512GB/8GB/15.6""",14995.0,512.0,512.0,SSD,No especificado,0,15.6,https://www.chedraui.com.mx/laptop-hp-9w149la-r5512gb8gb156-3896767/p
CHE-0001,Lenovo,Laptop Lenovo 82XB001GLM Cel 8G 256 SSD 15.6 Pulgadas Azul,13495.0,,,SSD,No especificado,0,15.6,https://www.chedraui.com.mx/laptop-lenovo-82xb001glm-cel-8g-256-ssd-156-pulgadas-azul-3890930/p
CHE-0002,Acer,Laptop Acer Aspire Lite 15.6 Pulgadas FHD Core i5 13th 16GB RAM 512GB SSD,17495.0,16.0,16.0,SSD,Core I5,0,15.6,https://www.chedraui.com.mx/laptop-acer-aspire-lite-156-pulgadas-fhd-core-i5-13th-16gb-ram-512gb-ssd-3887722/p
CHE-0003,Hp,"Laptop HP 255 G10 de 15,6 Pulgadas Windows 11 Home Amd Ryzen 3 8Gb RAM 512Gb Ssd",8495.0,8.0,8.0,SSD,Ryzen 3,0,,https://www.chedraui.com.mx/laptop-hp-an0y3atabm-r3512gb8gb-3877552/p
CHE-0004,Hp,Laptop HP Intel Core i5 Memoria Interna 512GB RAM 16GB 15-eg2525la,19495.0,512.0,512.0,SSD,Core I5,0,,https://www.chedraui.com.mx/laptop-hp-intel-core-i5-memoria-interna-512gb-ram-16gb-15-eg2525la-3876398/p
CHE-0005,Lenovo,Laptop Lenovo S3 RAM 8G 512SSD 15.6 Pulgadas Azul 82XQ00NLLM R3,14995.0,,,SSD,No especificado,0,15.6,https://www.chedraui.com.mx/laptop-lenovo-s3-ram-8g-512ssd-156-pulgadas-azul-82xq00nllm-r3-3872135/p
CHE-0006,Lenovo,"Laptop Gaming Lenovo LOQ 15ARP9 15.6"" FHD AMD Ryzen 5 IA 8GB RAM 512GB SSD Nvidia Geforce RTX 3050 6 GB",21845.0,8.0,8.0,SSD,Ryzen 5,1,15.6,https://www.chedraui.com.mx/laptop-gaming-lenovo-loq-15arp9-156-fhd-amd-ryzen-5-ia-8gb-ram-512gb-ssd-nvidia-geforce-rtx-3050-6-gb-3845905/p
CHE-0007,Lenovo,"Laptop Lenovo Ideapad Slim 3 15IAN8 15.6"" FHD Intel Core i3 8GB RAM 512GB SSD",9995.0,8.0,8.0,SSD,Core I3,0,15.6,https://www.chedraui.com.mx/laptop-lenovo-ideapad-slim-3-15ian8-156-fhd-intel-core-i3-8gb-ram-512gb-ssd-3845903/p
CHE-0008,Lanix,Laptop Lanix 14 Pulgadas 8GB RAM 256GB de Almacenamiento NEURON A Gris,5995.0,8.0,8.0,SSD,No especificado,0,14.0,https://www.chedraui.com.mx/laptop-lanix-14-pulgadas-8gb-ram-256gb-de-almacenamiento-neuron-a-gris-3838958/p
CHE-0009,Asus,Laptop Asus VivoBook Go 14 Pulgadas FHD Intel Core i3-N305 RAM 8GB 128GB SSD Negro,7995.0,8.0,8.0,SSD,Core I3,0,14.0,https://www.chedraui.com.mx/laptop-asus-vivobook-go-14-pulgadas-fhd-intel-core-i3-n305-ram-8gb-128gb-ssd-negro-3836227/p
CHE-0010,Lm,Laptop LM Dual Táctil 360° 16GB 1TB Intel Core N95 LM-140D,15995.0,16.0,16.0,SSD,No especificado,0,,https://www.chedraui.com.mx/laptop-lm-dual-tactil-360-16gb-1tb-intel-core-n95-lm-140d-3836206/p
CHE-0011,Hp,Laptop HP Pavilion Ci5 8GB 512GB  15-eg2524la,18395.0,8.0,8.0,SSD,No especificado,0,,https://www.chedraui.com.mx/laptop-hp-pavilion-ci5-8gb-512gb-15-eg2524la-3829920/p
CHE-0012,Hp,Laptop HP Ci3 8Gb 512GB 15-fd0026la,11395.0,8.0,8.0,SSD,No especificado,0,,https://www.chedraui.com.mx/laptop-hp-ci3-8gb-512gb-15-fd0026la-3829776/p
CHE-0013,Hp,Laptop HP Celeron N4120 4GB 128GB 14-dq0531la,6495.0,4.0,4.0,SSD,Celeron,0,,https://www.chedraui.com.mx/laptop-hp-celeron-n4120-4gb-128gb-14-dq0531la-3829773/p
CHE-0014,Lenovo,"Laptop Lenovo Ideapad 1 15IGL7 15.6"" FHD Intel Celeron 8GB RAM 256 GB SSD",8395.0,8.0,8.0,SSD,Celeron,0,15.6,https://www.chedraui.com.mx/laptop-lenovo-ideapad-1-15igl7-156-fhd-intel-celeron-8gb-ram-256-gb-ssd-3817436/p
CHE-0015,Lenovo,"Laptop Lenovo Ideapad Slim 3 15IAH8 15.6"" FHD Intel Core i5 8GB RAM 512GB SSD",13645.0,8.0,8.0,SSD,Core I5,0,15.6,https://www.chedraui.com.mx/laptop-lenovo-ideapad-slim-3-15iah8-156-fhd-intel-core-i5-8gb-ram-512gb-ssd-3817435/p
CHE-0016,Lm,Laptop LM Intel N4020 6GB RAM 11.6 Pulgadas LM-7500 Gris.,5995.0,6.0,6.0,SSD,Intel N4020,0,11.6,https://www.chedraui.com.mx/laptop-lm-intel-n4020-6gb-ram-116-pulgadas-lm-7500-gris-3814207/p
CHE-0017,Hp,Laptop HP 15-fc0265la Ryzen 5-7520U - 8GB  -512GB Tarjeta AMD Radeon,17995.0,8.0,8.0,SSD,Ryzen 5,0,,https://www.chedraui.com.mx/laptop-hp-15-fc0265la-ryzen-5-7520u-8gb-512gb-tarjeta-amd-radeon-3901573/p
CHE-0018,Hp,"Laptop HP HP 255R G10 R5/512GB/8GB15.6""",14995.0,512.0,512.0,SSD,No especificado,0,15.6,https://www.chedraui.com.mx/laptop-hp-hp-255r-g10-r5512gb8gb156-3900960/p
CHE-0019,Hp,Laptop HP 245 G10 14” Ryzen 5 7520U 8GB 512GB Windows 11,14995.0,8.0,8.0,SSD,Ryzen 5,0,14.0,https://www.chedraui.com.mx/laptop-hp-245-g10-14-ryzen-5-7520u-8gb-512gb-windows-11-3898503/p
CHE-0020,Hp,Laptop HP 14-em0033la Athlon Silver 7120U 4GB 128GB Tarjeta AMD Radeon,5995.0,4.0,4.0,SSD,Athlon,0,,https://www.chedraui.com.mx/laptop-hp-14-em0033la-athlon-silver-7120u-4gb-128gb-tarjeta-amd-radeon-3896137/p
CHE-0021,Acer,Laptop Acer Aspire Lite 15 Al15-41P-R03U 15.6 Pulgadas 1920X1080 Full Hd Amd Ryzen 7 5700U 16Gb 512Gb Ssd Windows 11 Home,16995.0,16.0,16.0,SSD,Ryzen 7,0,15.6,https://www.chedraui.com.mx/laptop-acer-aspire-lite-15-al15-41p-r03u-156-pulgadas-1920x1080-full-hd-amd-ryzen-7-5700u-16gb-512gb-ssd-windows-11-home-3887721/p
CHE-0022,Hp,Laptop HP 15-fc0077la Ryzen7 512GB 16GB Office 365 + Elearning,14995.0,512.0,512.0,SSD,Ryzen7,0,,https://www.chedraui.com.mx/laptop-hp-15-fc0077la-ryzen7-512gb-16gb-office-365--elearning-3883700/p
CHE-0023,Lanix,Laptop Lanix Intel Celeron N4020 RAM 4GB Memoria Interna 128 GB Xbook Go + Backpack,2922.06,4.0,4.0,SSD,Celeron,0,,https://www.chedraui.com.mx/laptop-lanix-intel-celeron-n4020-ram-4gb-memoria-interna-128-gb-xbook-go--backpack-3876962/p
CHE-0024,Lenovo,"Laptop Lenovo Ideapad Slim 3 15ABR8 15.6"" FHD AMD Ryzen 7 16GB RAM 1TB SSD",21495.0,16.0,16.0,SSD,Ryzen 7,0,15.6,https://www.chedraui.com.mx/laptop-lenovo-ideapad-slim-3-15abr8-156-fhd-amd-ryzen-7-16gb-ram-1tb-ssd-3872139/p
CHE-0025,Hp,Laptop HP Cel 8GB 256GB 14 Pulgadas 14-dq3503la,8995.0,8.0,8.0,SSD,No especificado,0,14.0,https://www.chedraui.com.mx/laptop-hp-cel-8gb-256gb-14-pulgadas-14-dq3503la-3868633/p
CHE-0026,Lanix,Laptop Lanix 8GB 256GB XBOOK B15 Gris 15 Pulgadas,5847.06,8.0,8.0,SSD,No especificado,0,15.0,https://www.chedraui.com.mx/laptop-lanix-8gb-256gb-xbook-b15-gris-15-pulgadas-3846333/p
CHE-0027,Hp,Laptop HP Intel Core Ultra 14 Pulgadas ep1001la CiU5 512GB 8GB,18695.0,512.0,512.0,SSD,No especificado,0,14.0,https://www.chedraui.com.mx/laptop-hp-intel-core-ultra-14-pulgadas-ep1001la-ciu5-512gb-8gb-3846331/p
CHE-0028,Hp,Laptop HP 15.6 Pulgadas 15-Fc0043la 8GB 512GB SSD,11395.0,8.0,8.0,SSD,No especificado,0,15.6,https://www.chedraui.com.mx/laptop-hp-156-pulgadas-15-fc0043la-8gb-512gb-ssd-3846330/p
CHE-0029,Lanix,Laptop Lanix 14 Pulgadas 4GB RAM 128GB de Almacenamiento NEURON A Gris,3995.0,4.0,4.0,SSD,No especificado,0,14.0,https://www.chedraui.com.mx/laptop-lanix-14-pulgadas-4gb-ram-128gb-de-almacenamiento-neuron-a-gris-3838957/p
CHE-0030,Acer,Laptop Acer Aspire 3 Ryzen 5 7520U 14 Pulgadas FHD 8GB de RAM 256GB Pcle NVMe SSD Plata,9995.0,8.0,8.0,SSD,Ryzen 5,0,14.0,https://www.chedraui.com.mx/laptop-acer-aspire-3-ryzen-5-7520u-14-pulgadas-fhd-8gb-de-ram-256gb-pcle-nvme-ssd-plata-3832441/p
CHE-0031,Hp,Laptop HP Pavilion x360 Ci3 8GB 512GB 14-ek0010la,15995.0,8.0,8.0,SSD,No especificado,0,,https://www.chedraui.com.mx/laptop-hp-pavilion-x360-ci3-8gb-512gb-14-ek0010la-3829778/p
CHE-0032,Hp,Laptop HP Victus 15.6 Pulgadas i5 RAM 8GB 512GB SSD 15-fa0004la  Azul,21595.0,8.0,8.0,SSD,No especificado,0,15.6,https://www.chedraui.com.mx/laptop-hp-victus-156-pulgadas-i5-ram-8gb-512gb-ssd-15-fa0004la-azul-3824457/p
CHE-0033,Acer,Laptop Acer Aspire Lite 14 Pulgadas Intel N100 8GB RAM 256GB SSD AL14-31P-C0S2 Plata,7595.0,8.0,8.0,SSD,Intel N100,0,14.0,https://www.chedraui.com.mx/laptop-acer-aspire-lite-14-pulgadas-intel-n100-8gb-ram-256gb-ssd-al14-31p-c0s2-plata-3821311/p
CHE-0034,Lenovo,"Laptop Lenovo Ideapad Slim 3 15IAN8 15.6"" FHD Intel Core i3 8GB RAM 256GB SSD",11995.0,8.0,8.0,SSD,Core I3,0,15.6,https://www.chedraui.com.mx/laptop-lenovo-ideapad-slim-3-15ian8-156-fhd-intel-core-i3-8gb-ram-256gb-ssd-3799498/p
CHE-0035,Lenovo,"Laptop Lenovo Ideapad 1 15AMN7 15.6"" FHD AMD Athlon Silver 8GB RAM 256GB SSD",10495.0,8.0,8.0,SSD,Athlon,0,15.6,https://www.chedraui.com.mx/laptop-lenovo-ideapad-1-15amn7-156-fhd-amd-athlon-silver-8gb-ram-256gb-ssd-3785549/p
CHE-0036,Lenovo,"Laptop Lenovo Ideapad 1 15AMN7 15.6"" FHD Touch AMD Ryzen 3 8GB RAM 256GB SSD",12995.0,8.0,8.0,SSD,Ryzen 3,0,15.6,https://www.chedraui.com.mx/laptop-lenovo-ideapad-1-15amn7-156-fhd-touch-amd-ryzen-3-8gb-ram-256gb-ssd-3785548/p
CHE-0037,Lenovo,Laptop Lenovo Ideapad Slim 3 16GB 512GB SSD 15.6 Pulgadas FDH W11 Gris 82XM00LMUS,19995.0,16.0,16.0,SSD,No especificado,0,15.6,https://www.chedraui.com.mx/laptop-lenovo-ideapad-slim-3-16gb-512gb-ssd-156-pulgadas-fdh-w11-gris-82xm00lmus-3901597/p
CHE-0038,Asus,Laptop Asus VivoBook 14 D413UA-R78G512-H5 14 pulgadas AMD Ryzen 7 5700U 512GB SSD 8GB W11H Negro,19589.0,512.0,512.0,SSD,Ryzen 7,0,14.0,https://www.chedraui.com.mx/laptop-asus-vivobook-14-d413ua-r78g512-h5-14-pulgadas-amd-ryzen-7-5700u-512gb-ssd-8gb-w11h-negro-6023320/p
CHE-0039,Hp,Laptop HP 15-fc0287la RYZEN 7/8GB /512GB,18495.0,8.0,8.0,SSD,Ryzen 7,0,,https://www.chedraui.com.mx/laptop-hp-15-fc0287la-ryzen-78gb-512gb-3910356/p
CHE-0040,Hp,Laptop HP 15-fc0240la Ryzen 3 7320U - 8GB  -512GB Tarjeta AMD Radeon,16995.0,8.0,8.0,SSD,Ryzen 3,0,,https://www.chedraui.com.mx/laptop-hp-15-fc0240la-ryzen-3-7320u-8gb-512gb-tarjeta-amd-radeon-3901572/p
CHE-0041,Hyundai,Laptop Hyundai 14” Intel Core i5 16GB 1TB SSD Windows 11,8495.0,16.0,16.0,SSD,Core I5,0,14.0,https://www.chedraui.com.mx/laptop-hyundai-14-intel-core-i5-16gb-1tb-ssd-windows-11-3898502/p
CHE-0042,Hyundai,Laptop Hyundai 14” Intel N4020 8GB 256GB Windows 11 Home,7995.0,8.0,8.0,SSD,Intel N4020,0,14.0,https://www.chedraui.com.mx/laptop-hyundai-14-intel-n4020-8gb-256gb-windows-11-home-3898501/p
CHE-0043,Lenovo,"Laptop Lenovo Ideapad Slim 3 15AMN8 15.6"" FHD AMD Ryzen 5 8 GB RAM 512 GB SSD + Maletín",14495.0,8.0,8.0,SSD,Ryzen 5,0,15.6,https://www.chedraui.com.mx/laptop-lenovo-ideapad-slim-3-15amn8-156-fhd-amd-ryzen-5-8-gb-ram-512-gb-ssd--maletin-3890927/p
CHE-0044,Hp,Laptop HP R5 8GB 512GB 14-em0017la,14795.0,8.0,8.0,SSD,No especificado,0,,https://www.chedraui.com.mx/laptop-hp-r5-8gb-512gb-14-em0017la-3829777/p
CHE-0045,Hp,Laptop HP 14-dq0522la Intel Pentium 8GB 128GB SSD 14 HD Windows 11 Home + Mouse HP 200 Negro Inalámbrico + Funda Reversible Negra Plateada,9095.0,8.0,8.0,SSD,No especificado,0,,https://www.chedraui.com.mx/laptop-hp-14-dq0522la-intel-pentium-8gb-128gb-ssd-14-hd-windows-11-home--mouse-hp-200-negro-inalambrico--funda-reversible-negra-plateada-3789252/p
CHE-0046,Perfect choice,Porta Laptop Perfect Choice 84518 Azul,495.0,,,SSD,No especificado,0,,https://www.chedraui.com.mx/porta-laptop-perfect-choice-84518-azul-3890955/p
CHE-0047,Selección mexicana,Porta Laptop FIFA Edición 2026 Negro,795.0,,,SSD,No especificado,0,,https://www.chedraui.com.mx/null-3903313/p
CHE-0048,Cool capital,Muum Mochila Para Laptop 14in Negro,446.25,,,SSD,No especificado,0,,https://www.chedraui.com.mx/muum-mochila-para-laptop-14in-negro-3915103/p
CHE-0049,Cool capital,Muum Mochila Para Laptop 14in Rosa,446.25,,,SSD,No especificado,0,,https://www.chedraui.com.mx/muum-mochila-para-laptop-14in-rosa-3915102/p
CHE-0050,Selección mexicana,Porta Laptop FIFA Edición 2026 Blanco,795.0,,,SSD,No especificado,0,,https://www.chedraui.com.mx/null-3903314/p
CHE-0051,Selección mexicana,Porta Laptop FIFA Edicion 2026 Negro,795.0,,,SSD,No especificado,0,,https://www.chedraui.com.mx/null-3903312/p
CHE-0052,Fancy pets,Rascador Fancy Pets Laptop 33 cm,124.5,,,SSD,No especificado,0,,https://www.chedraui.com.mx/rascador-fancy-pets-laptop-33-cm-3902229/p
CHE-0053,Perfect choice,Porta Laptop Perfect Choice 84143 Negro,625.0,,,SSD,No especificado,0,,https://www.chedraui.com.mx/porta-laptop-perfect-choice-84143-negro-3890956/p
CHE-0054,Selección mexicana,Porta Laptop Lifeworks México De Oro SNMBPORO,495.0,,,SSD,No especificado,0,,https://www.chedraui.com.mx/porta-laptop-lifeworks-mexico-de-oro-snmbporo-3869083/p
CHE-0055,Cool capital,Muum Mochila Para Laptop 14in Azul Marino,446.25,,,SSD,No especificado,0,,https://www.chedraui.com.mx/muum-mochila-para-laptop-14in-azul-marino-3915104/p
CHE-0056,Hp,"Laptop HP 240 G10 14"" Core I3-N305",8595.0,,,SSD,Core I3,0,14.0,https://www.chedraui.com.mx/laptophp-240-g10-14core-i3-n305-3900961/p
CHE-0057,Steren,Soporte Metálico Steren COM-088 Para Laptop Giratorio,695.0,,,SSD,No especificado,0,,https://www.chedraui.com.mx/soporte-metalico-steren-com-088-para-laptop-giratorio-3853662/p
CHE-0058,Tech zone,Porta Laptop TechZone TZLBP43015B Rosa,355.0,,,SSD,No especificado,0,,https://www.chedraui.com.mx/porta-laptop-techzone-tzlbp43015b-rosa-3835316/p
CHE-0059,Klip xtreme,"Porta Laptop Klip Xtreme KNB-467KH 15.6""",556.0,,,SSD,No especificado,0,15.6,https://www.chedraui.com.mx/null-3919602/p
CHE-0060,Klip xtreme,"Porta Laptop Klip Xtreme 406BL 15.6""Azul Berna",625.0,,,SSD,No especificado,0,15.6,https://www.chedraui.com.mx/porta-laptop-klip-xtreme-406bl-156azul-berna-3900547/p
CHE-0061,Cool capital,Mochila Para Laptop Cool Capital Mochila Yuba Coral,719.0,,,SSD,No especificado,0,,https://www.chedraui.com.mx/mochila-para-laptop-cool-capital-mochila-yuba-coral-6023132/p
CHE-0062,Cool capital,Porta Laptop Cool Capital Rizz Rojo CC-B49872,446.25,,,SSD,No especificado,0,,https://www.chedraui.com.mx/porta-laptop-cool-capital-rizz-rojo-cc-b49872-3869225/p
CHE-0063,Cool capital,Porta Laptop Cool Capital Venice Menta CC-B08694,266.25,,,SSD,No especificado,0,,https://www.chedraui.com.mx/porta-laptop-cool-capital-venice-menta-cc-b08694-3869222/p
CHE-0064,Steren,"Base para Laptop, tableta o celular Steren Negro COM-079",165.0,,,SSD,No especificado,0,,https://www.chedraui.com.mx/base-para-laptop-tableta-o-celular-steren-negro-com-079-3835339/p
CHE-0065,Cool capital,Mochila Para Laptop CoolCapital Mochila Slay Matcha,1019.0,,,SSD,No especificado,0,,https://www.chedraui.com.mx/mochila-para-laptop-coolcapital-mochila-slay-matcha-6023145/p
CHE-0066,Cool capital,Mochila Para Laptop Cool Capital Mochila Yuba Menta,719.0,,,SSD,No especificado,0,,https://www.chedraui.com.mx/mochila-para-laptop-cool-capital-mochila-yuba-menta-6023134/p
CHE-0067,Furniturer,Mesa para Laptop FurnitureR Minimalista Negro Baseline,818.0,,,SSD,No especificado,0,,https://www.chedraui.com.mx/mesa-para-laptop-furniturer-minimalista-negro-baseline-6019311/p
CHE-0068,Cool capital,Porta Laptop Cool Capital Sarec Azul CC-B75860,446.25,,,SSD,No especificado,0,,https://www.chedraui.com.mx/porta-laptop-cool-capital-sarec-azul-cc-b75860-3869226/p
CHE-0069,Cool capital,Porta Laptop Cool Capital Venice Gris CC-B59475,446.25,,,SSD,No especificado,0,,https://www.chedraui.com.mx/porta-laptop-cool-capital-venice-gris-cc-b59475-3869224/p
CHE-0070,Cool capital,Porta Laptop Cool Capital Venice Rosa CC-B36564,446.25,,,SSD,No especificado,0,,https://www.chedraui.com.mx/porta-laptop-cool-capital-venice-rosa-cc-b36564-3869223/p
CHE-0071,Cool capital,Porta Laptop Cool Capital Dope Negro CC-B67521,371.25,,,SSD,No especificado,0,,https://www.chedraui.com.mx/porta-laptop-cool-capital-dope-negro-cc-b67521-3869219/p
CHE-0072,Fisher-price,Juguete para bebés Fisher-Price Primer Laptop De Aprendizaje,529.0,,,SSD,No especificado,0,,https://www.chedraui.com.mx/juguete-para-bebes-fisher-price-primer-laptop-de-aprendizaje-3729197/p
CHE-0073,Cool capital,Mochila Para Laptop Cool Capital Mochila Yuba Negro,719.0,,,SSD,No especificado,0,,https://www.chedraui.com.mx/mochila-para-laptop-cool-capital-mochila-yuba-negro-6023143/p
CHE-0074,Cool capital,Porta Laptop Cool Capital Dope Lila CC-B59468,371.25,,,SSD,No especificado,0,,https://www.chedraui.com.mx/porta-laptop-cool-capital-dope-lila-cc-b59468-3869221/p
CHE-0075,Cool capital,Porta Laptop Cool Capital Dope Verde CC-B67538,371.25,,,SSD,No especificado,0,,https://www.chedraui.com.mx/porta-laptop-cool-capital-dope-verde-cc-b67538-3869220/p
CHE-0076,Cool capital,Mochila Para Laptop Cool Capital Mochila Berlin Poliester Azul,639.0,,,SSD,No especificado,0,,https://www.chedraui.com.mx/mochila-para-laptop-cool-capital-mochila-berlin-poliester-azul-6023135/p
CHE-0077,Cool capital,Mochila Para Laptop Cool Capital Mochila Berlin Poliester Morado,639.0,,,SSD,No especificado,0,,https://www.chedraui.com.mx/mochila-para-laptop-cool-capital-mochila-berlin-poliester-morado-6023136/p
CHE-0078,Cool capital,Mochila Para Laptop Cool Capital Mochila RE3 Ecólogica Café,849.0,,,SSD,No especificado,0,,https://www.chedraui.com.mx/mochila-para-laptop-cool-capital-mochila-re3-ecologica-cafe-6023130/p
CHE-0079,Avante,Monitor Portátil Avante para Laptop Sidewing 14 Pulgadas HD,2149.0,,,SSD,No especificado,0,14.0,https://www.chedraui.com.mx/monitor-portatil-avante-para-laptop-sidewing-14-pulgadas-hd-6001628/p
CHE-0080,Cool capital,Mochila Para Laptop Cool Capital Mochila Sarec CC-B758 Negro,649.0,,,SSD,No especificado,0,,https://www.chedraui.com.mx/mochila-para-laptop-cool-capital-mochila-sarec-cc-b758-negro-6023157/p
CHE-0081,Cool capital,Mochila Para Laptop Cool Capital Mochila Sarec CC-B758 Verde,649.0,,,SSD,No especificado,0,,https://www.chedraui.com.mx/mochila-para-laptop-cool-capital-mochila-sarec-cc-b758-verde-6023156/p
CHE-0082,Xtreme,Porta Laptop Premium Klip Xtreme KNB-468BR 15.6 Café Toscana,895.0,,,SSD,No especificado,0,,https://www.chedraui.com.mx/porta-laptop-premium-klip-xtreme-knb-468br-156-cafe-toscana-3894663/p
CHE-0083,Cool capital,Porta Laptop Rizz Cool Capital Mochila 15.6 Pulgadas Negro B62633,446.25,,,SSD,No especificado,0,15.6,https://www.chedraui.com.mx/porta-laptop-rizz-cool-capital-mochila-156-pulgadas-negro-b62633-3850012/p
CHE-0084,Xtreme,Porta Laptop Premium Klip Xtreme KNB-456BL 15.6 Pulgadas Azul,665.0,,,SSD,No especificado,0,15.6,https://www.chedraui.com.mx/porta-laptop-premium-klip-xtreme-knb-456bl-156-pulgadas-azul-3894660/p
CHE-0085,Xtreme,Porta Laptop Premium Klip Xtreme KNB-456BK 15.6 Pulgadas Negro,665.0,,,SSD,No especificado,0,15.6,https://www.chedraui.com.mx/porta-laptop-premium-klip-xtreme-knb-456bk-156-pulgadas-negro-3893079/p
CHE-0086,Xtreme,Porta Laptop Premium Klip Xtreme KNB-468RD 15.6 Pulgadas Rojo Toscana,895.0,,,SSD,No especificado,0,15.6,https://www.chedraui.com.mx/porta-laptop-premium-klip-xtreme-knb-468rd-156-pulgadas-rojo-toscana-3894662/p
CHE-0087,Xtreme,Porta Laptop Premium Klip Xtreme KNB-468BL 15.6 Pulgadas Azul Toscana,895.0,,,SSD,No especificado,0,15.6,https://www.chedraui.com.mx/porta-laptop-premium-klip-xtreme-knb-468bl-156-pulgadas-azul-toscana-3894661/p
CHE-0088,Klip xtreme,"Funda Klip Xtreme KNS-420GR 15.6"" Gris",445.0,,,SSD,No especificado,0,15.6,https://www.chedraui.com.mx/funda-klip-xtreme-kns-420gr-156-gris-3901361/p
CHE-0089,Control expert,Cargador Control Expert Universal AC100,221.25,,,SSD,No especificado,0,,https://www.chedraui.com.mx/cargador-control-expert-universal-ac100-3876424/p
CHE-0090,Klip xtreme,"Funda Klip Xtreme KNS-420BR 15.6"" Café",445.0,,,SSD,No especificado,0,15.6,https://www.chedraui.com.mx/funda-klip-xtreme-kns-420br-156-cafe-3901367/p
CHE-0091,Cool capital,Portalaptop Cool Capital Pixie 15 Pulgadas Negro,341.25,,,SSD,No especificado,0,15.0,https://www.chedraui.com.mx/portalaptop-cool-capital-pixie-15-pulgadas-negro-3815410/p
CHE-0092,Joy & fun,Set Joy & Fun Computadora Con Luz y Sonido,259.0,,,SSD,No especificado,0,,https://www.chedraui.com.mx/set-joy--fun-computadora-con-luz-y-sonido-3870280/p
CHE-0093,Cool capital,Portafolio Cool Capital Zilker 15.1 Pulgadas Negro,445.0,,,SSD,No especificado,0,15.1,https://www.chedraui.com.mx/portafolio-cool-capital-zilker-151-pulgadas-negro-3814647/p
CHE-0094,Aquila,Escritorio Multifuncional Movil Aquila Blanco con Miel EM4572,789.0,,,SSD,No especificado,0,,https://www.chedraui.com.mx/escritorio-multifuncional-movil-aquila-blanco-con-miel-em4572-6030269/p
CHE-0095,Aquila,Escritorio Multifuncional Movil Aquila Blanco con Beige EM4596,789.0,,,SSD,No especificado,0,,https://www.chedraui.com.mx/escritorio-multifuncional-movil-aquila-blanco-con-beige-em4596-6028531/p
CHE-0096,Furniturer,Mesa Auxiliar FurnitureR Haya Bello,973.0,,,SSD,No especificado,0,,https://www.chedraui.com.mx/mesa-auxiliar-furniturer-haya-bello-6000164/p
CHE-0097,Furniturer,Mesa Auxiliar FurnitureR Negro Bello,939.0,,,SSD,No especificado,0,,https://www.chedraui.com.mx/mesa-auxiliar-furniturer-negro-bello-6000146/p
CHE-0098,Furniturer,Escritorio FurnitureR Industrial Haya Mamie,535.0,,,SSD,No especificado,0,,https://www.chedraui.com.mx/escritorio-furniturer-industrial-haya-mamie-6004767/p
CHE-0099,Stylos,Unidad Ssd Stylos de 1 Tb Interfaz Sata 3 2.5 Pulgadas Modelo Stmssd4b,2168.0,,1024.0,SSD,No especificado,0,,https://www.chedraui.com.mx/unidad-ssd-stylos-de-1-tb-interfaz-sata-3-25-pulgadas-modelo-stmssd4b-6026031/p
CHE-0100,Apple,Apple Macbook Air Reacondicionada AP2020 M1 128GB,9995.0,128.0,128.0,SSD,No especificado,0,,https://www.chedraui.com.mx/apple-macbook-air-reacondicionada-ap2020-m1-128gb-3914588/p
CHE-0101,Kingston,Unidad Ssd Kingston Technology M.2 1Tb Nv3 Pcie 4.0 Nvme 2280 Modelo SNV3S/1000G,3183.0,,1024.0,SSD,No especificado,0,,https://www.chedraui.com.mx/unidad-ssd-kingston-technology-m2-1tb-nv3-pcie-40-nvme-2280-modelo-snv3s1000g-6025450/p
CHE-0102,Steren,"Combo Bafle de 15"" Profesional Bluetooth + Pedestal de 3 Posiciones + Micrófono Inalámbrico Steren BAF-1594BT + BAF-145 + MIC-284 Negro",6389.0,,,SSD,No especificado,0,15.0,https://www.chedraui.com.mx/combo-bafle-de-15-profesional-bluetooth--pedestal-de-3-posiciones--microfono-inalambrico-steren-baf-1594bt--baf-145--mic-284-negro-6024007/p
CHE-0103,Hyundai,Laptop Hyundai 14CCIC46SG Cel/128GB/4GB,5095.0,128.0,128.0,SSD,No especificado,0,,https://www.chedraui.com.mx/laptop-hyundai-14ccic46sg-cel128gb4gb-3866269/p
CHE-0104,Hp,Laptop HP 14 Pulgadas RAM 4GB 128GB SSD Intel Celeron N4120 2.6Ghz 0B04319 Plata.,6995.0,4.0,4.0,SSD,Celeron,0,14.0,https://www.chedraui.com.mx/laptop-hp-14-pulgadas-ram-4gb-128gb-ssd-intel-celeron-n4120-26ghz-0b04319-plata-3821224/p
CHE-0105,Acer,Laptop Acer Aspire Lite 15.6 Pulgadas FHD Celeron N4500 8GB 256GB SSD,8395.0,8.0,8.0,SSD,Celeron,0,15.6,https://www.chedraui.com.mx/laptop-acer-aspire-lite-156-pulgadas-fhd-celeron-n4500-8gb-256gb-ssd-3853332/p
